{"cameraMode":{"drawMode":0,"name":"Shaded","section":"Shading Mode"},"sceneLighting":true,"audioPlay":false,"sceneViewState":{"showFog":true,"showMaterialUpdate":false,"showSkybox":true,"showFlares":true,"showImageEffects":true,"showParticleSystems":true},"in2DMode":false,"pivot":{"x":0.3178730010986328,"y":0.7093462944030762,"z":0.3671836853027344},"rotation":{"x":0.054596200585365298,"y":0.9420017004013062,"z":-0.2717025876045227,"w":0.18928779661655427},"size":2.8578836917877199,"orthographic":false}