{"cameraMode":{"drawMode":0,"name":"Shaded","section":"Shading Mode"},"sceneLighting":false,"audioPlay":false,"sceneViewState":{"showFog":true,"showMaterialUpdate":false,"showSkybox":true,"showFlares":true,"showImageEffects":true,"showParticleSystems":true},"in2DMode":false,"pivot":{"x":-1.4901161193847657e-7,"y":2.9802322387695315e-8,"z":-0.0037099123001098634},"rotation":{"x":-0.0894819051027298,"y":0.8842305541038513,"z":-0.41735923290252688,"w":-0.18958024680614472},"size":3.086298942565918,"orthographic":false}