{"cameraMode":{"drawMode":0,"name":"Shaded","section":"Shading Mode"},"sceneLighting":false,"audioPlay":false,"sceneViewState":{"showFog":true,"showMaterialUpdate":false,"showSkybox":true,"showFlares":true,"showImageEffects":true,"showParticleSystems":true},"in2DMode":false,"pivot":{"x":0.2334708571434021,"y":-0.10596193373203278,"z":0.041814886033535007},"rotation":{"x":-0.0027952275704592468,"y":0.9469744563102722,"z":-0.3211911916732788,"w":-0.008242331445217133},"size":7.129006862640381,"orthographic":false}