{"cameraMode":{"drawMode":0,"name":"Shaded","section":"Shading Mode"},"sceneLighting":false,"audioPlay":false,"sceneViewState":{"showFog":true,"showMaterialUpdate":false,"showSkybox":true,"showFlares":true,"showImageEffects":true,"showParticleSystems":true},"in2DMode":false,"pivot":{"x":0.0,"y":0.8700000047683716,"z":0.0018156766891479493},"rotation":{"x":0.1494244933128357,"y":0.013348005712032318,"z":-0.002017353894189,"w":0.9886810183525086},"size":6.633760929107666,"orthographic":false}