{"cameraMode":{"drawMode":0,"name":"Shaded","section":"Shading Mode"},"sceneLighting":false,"audioPlay":false,"sceneViewState":{"showFog":true,"showMaterialUpdate":false,"showSkybox":true,"showFlares":true,"showImageEffects":true,"showParticleSystems":true},"in2DMode":false,"pivot":{"x":-33.95760726928711,"y":24.315155029296876,"z":-16.052532196044923},"rotation":{"x":0.1494244933128357,"y":0.013348005712032318,"z":-0.002017353894189,"w":0.9886810183525086},"size":0.0000583704786549788,"orthographic":false}