{"cameraMode":{"drawMode":0,"name":"Shaded","section":"Shading Mode"},"sceneLighting":false,"audioPlay":false,"sceneViewState":{"showFog":true,"showMaterialUpdate":false,"showSkybox":true,"showFlares":true,"showImageEffects":true,"showParticleSystems":true},"in2DMode":false,"pivot":{"x":0.004211157560348511,"y":0.809999942779541,"z":0.03856801986694336},"rotation":{"x":-0.0894819051027298,"y":0.8842305541038513,"z":-0.41735923290252688,"w":-0.18958024680614472},"size":5.24599027633667,"orthographic":false}