{"cameraMode":{"drawMode":0,"name":"Shaded","section":"Shading Mode"},"sceneLighting":true,"audioPlay":false,"sceneViewState":{"showFog":true,"showMaterialUpdate":false,"showSkybox":true,"showFlares":true,"showImageEffects":true,"showParticleSystems":true},"in2DMode":false,"pivot":{"x":-15.997756004333496,"y":-4.03438663482666,"z":-9.547636985778809},"rotation":{"x":0.3191513121128082,"y":0.6573490500450134,"z":-0.5782891511917114,"w":0.3627898395061493},"size":19.869094848632814,"orthographic":false}